{"_id":{"$oid":"5f7b4b54159a7c1dfd96cceb"},"name":"Espresso Martini","ingredients":[{"name":"Vodka","quantity":{"value":30,"unit":"ml"}},{"name":"Espresso","quantity":{"value":30,"unit":"ml"}},{"name":"Kahlúa","quantity":{"value":20,"unit":"ml"}},{"name":"Salt","quantity":{"value":1,"unit":"pinch"}}],"garnish":"3 coffee beans","instructions":["Shake ingredients with ice.","Strain into a coupe or martini glass.","Express 1 lemon twist and discard.","Float 3 coffee beans in the centre."],"slug":"espresso-martini"}
{"_id":{"$oid":"5f7b4b5b8165eba7eac164c8"},"name":"Manhattan","ingredients":[{"name":"Bourbon Whiskey","quantity":{"value":60,"unit":"ml"}},{"name":"Sweet Vermouth","quantity":{"value":30,"unit":"ml"}}],"garnish":"Maraschino Cherry","instructions":["Combine ingredients and stir with ice.","Strain into a coupe or martini glass.","Garnish with a maraschino cherry."],"slug":"manhattan"}
{"_id":{"$oid":"5f7b4b6204799f5cf837b1e1"},"name":"Negroni Sbagliato","ingredients":[{"name":"Campari","quantity":{"value":30,"unit":"ml"}},{"name":"Sweet Vermouth","quantity":{"value":30,"unit":"ml"}},{"name":"Prosecco","quantity":{"value":30,"unit":"ml"}}],"garnish":"Orange Twist","instructions":["Stir Campari & vermouth with ice","Pour into a champagne flute","Add wine & gently combine","Serve with orange twist"],"reviews":[{"rating":4,"when":{"$date":"2020-11-08T16:53:25.905Z"}},{"rating":4,"when":{"$date":"2020-11-08T16:54:15.279Z"}},{"rating":4,"when":{"$date":"2020-11-08T16:54:23.818Z"}},{"rating":4,"when":{"$date":"2020-11-08T16:54:26.744Z"}},{"rating":4,"when":{"$date":"2020-11-08T17:40:26.656Z"}},{"rating":4,"when":{"$date":"2020-11-08T17:51:02.903Z"}}],"slug":"negroni-sbagliato"}
{"_id":{"$oid":"5f7b4b66933b475afc75430e"},"name":"Rye Whisky Old Fashioned","ingredients":[{"name":"Rye Whiskey","quantity":{"value":60,"unit":"ml"}},{"name":"Simple Syrup","quantity":{"value":1,"unit":"barspoon"}},{"name":"Angostura Bitters","quantity":{"value":2,"unit":"dash"}},{"name":"Orange Bitters","quantity":{"value":1,"unit":"dash"}}],"garnish":"Lemon Twist","instructions":["Combine ingredients and stir with ice.","Garnish with lemon twist."],"slug":"rye-whisky-old-fashioned"}
{"_id":{"$oid":"5f7d8d0a0dd78abf4d3b4312"},"name":"Planter's Punch","instructions":["Pour all ingredients, except the bitters, into shaker filled with ice","Shake well","Pour into large glass, filled with ice","Add Angostura bitters, \"on top\"","Garnish with cocktail cherry and pineapple."],"ingredients":[{"name":"Dark rum","quantity":{"quantity":"1","unit":"part"}},{"name":"Orgeat syrup","quantity":{"quantity":"1/2","unit":"part"}},{"name":"Orange juice","quantity":{"quantity":"2","unit":"parts"}},{"name":"Pineapple juice","quantity":{"quantity":"1","unit":"part"}}],"slug":"planter-s-punch"}
{"_id":{"$oid":"5f7daa018ec9dfb536781afa"},"name":"Abilene","instructions":["Pour all of the ingredients into a highball glass almost filled with ice cubes","Stir well."],"ingredients":[{"name":"Dark rum","quantity":{"quantity":"45","unit":"ml"}},{"name":"Peach nectar","quantity":{"quantity":"2","unit":"oz"}},{"name":"Orange juice","quantity":{"quantity":"3","unit":"oz"}}],"slug":"abilene"}
{"_id":{"$oid":"5f7daa028ec9dfb536781afb"},"name":"Pink Lady","instructions":["Shake all ingredients with ice, strain into a cocktail glass, and serve."],"ingredients":[{"name":"Gin","quantity":{"quantity":"1 1/2","unit":"oz"}},{"name":"Grenadine","quantity":{"quantity":"1","unit":"tsp"}},{"name":"Light cream","quantity":{"quantity":"1","unit":"tsp"}},{"name":"Egg white","quantity":{"quantity":"1","unit":null}}],"slug":"pink-lady"}
{"_id":{"$oid":"5f7daa048ec9dfb536781afc"},"name":"Flying Scotchman","instructions":["Shake all ingredients with ice, strain into a cocktail glass, and serve."],"ingredients":[{"name":"Scotch","quantity":{"quantity":"1","unit":"oz"}},{"name":"Sweet Vermouth","quantity":{"quantity":"1","unit":"oz"}},{"name":"Bitters","quantity":{"quantity":"1","unit":"dash"}},{"name":"Sugar syrup","quantity":{"quantity":"1/4","unit":"tsp"}}],"slug":"flying-scotchman"}
{"_id":{"$oid":"5f7daa058ec9dfb536781afd"},"name":"Big Red","instructions":["Pour ingredients into 1 ounce shot glass"],"ingredients":[{"name":"Irish cream","quantity":{"quantity":"1/2","unit":"oz"}},{"name":"Goldschlager","quantity":{"quantity":"1/2","unit":"oz"}}],"slug":"big-red"}
{"_id":{"$oid":"5f7daa068ec9dfb536781afe"},"name":"Frozen Mint Daiquiri","instructions":["Combine all ingredients with 1 cup of crushed ice in an electric blender","Blend at a low speed for a short length of time","Pour into an old-fashioned glass and serve."],"ingredients":[{"name":"Light rum","quantity":{"quantity":"2","unit":"oz"}},{"name":"Lime juice","quantity":{"quantity":"1","unit":"tblsp"}},{"name":"Mint","quantity":{"quantity":"6","unit":null}},{"name":"Sugar","quantity":{"quantity":"1","unit":"tsp"}}],"slug":"frozen-mint-daiquiri"}
{"_id":{"$oid":"5f7daa078ec9dfb536781aff"},"name":"Spiking coffee","instructions":["Incidentally, a pinch of cinnamon is indeed a nice addition to coffee but true heaven is a cardamom seed","Of course, you serve it in a coffee mug."],"ingredients":[{"name":"Coffee"},{"name":"Cinnamon"}],"slug":"spiking-coffee"}
{"_id":{"$oid":"5f7daa088ec9dfb536781b00"},"name":"Sloe Gin Cocktail","instructions":["Stir all ingredients with ice, strain into a cocktail glass, and serve."],"ingredients":[{"name":"Sloe gin","quantity":{"quantity":"2","unit":"oz"}},{"name":"Dry Vermouth","quantity":{"quantity":"1/4","unit":"tsp"}},{"name":"Orange bitters","quantity":{"quantity":"1","unit":"dash"}}],"slug":"sloe-gin-cocktail"}
{"_id":{"$oid":"5f7daa0a8ec9dfb536781b01"},"name":"Scooter","instructions":["Shake all ingredients well with cracked ice, strain into a cocktail glass, and serve."],"ingredients":[{"name":"Brandy","quantity":{"quantity":"1","unit":"oz"}},{"name":"Amaretto","quantity":{"quantity":"1","unit":"oz"}},{"name":"Light cream","quantity":{"quantity":"1","unit":"oz"}}],"slug":"scooter"}
{"_id":{"$oid":"5f7daa0b8ec9dfb536781b02"},"name":"Imperial Fizz","instructions":["Shake all ingredients (except carbonated water) with ice and strain into a highball glass over two ice cubes","Fill with carbonated water, stir, and serve."],"ingredients":[{"name":"Light rum","quantity":{"quantity":"1/2","unit":"oz"}},{"name":"Blended whiskey","quantity":{"quantity":"1 1/2","unit":"oz"}},{"name":"Lemon","quantity":{"quantity":"1/2","unit":null}},{"name":"Powdered sugar","quantity":{"quantity":"1","unit":"tsp"}},{"name":"Carbonated water"}],"slug":"imperial-fizz"}
{"_id":{"$oid":"5f7daa0d8ec9dfb536781b04"},"name":"Highland Fling Cocktail","instructions":["Stir all ingredients (except olive) with ice and strain into a cocktail glass","Add the olive and serve."],"ingredients":[{"name":"Scotch","quantity":{"quantity":"1 1/2","unit":"oz"}},{"name":"Sweet Vermouth","quantity":{"quantity":"3/4","unit":"oz"}},{"name":"Orange bitters","quantity":{"quantity":"2","unit":"dashes"}},{"name":"Olive","quantity":{"quantity":"1","unit":null}}],"slug":"highland-fling-cocktail"}
{"_id":{"$oid":"5f7daa0f8ec9dfb536781b05"},"name":"Abbey Cocktail","instructions":["Shake all ingredients (except for the cherry) with ice and strain into a cocktail glass","Top with the cherry and serve."],"ingredients":[{"name":"Gin","quantity":{"quantity":"1 1/2","unit":"oz"}},{"name":"Orange bitters","quantity":{"quantity":"1","unit":"dash"}},{"name":"Orange","quantity":{"quantity":"1/4","unit":null}},{"name":"Cherry","quantity":{"quantity":"1","unit":null}}],"slug":"abbey-cocktail"}
{"_id":{"$oid":"5f7daa108ec9dfb536781b06"},"name":"Fruit Flip-Flop","instructions":["Place all ingredients in the blender jar - cover and whiz on medium speed until well blended","Pour in one tall, 2 medium or 3 small glasses and drink up."],"ingredients":[{"name":"Yoghurt","quantity":{"quantity":"1","unit":"cup"}},{"name":"Fruit juice","quantity":{"quantity":"1","unit":"cup"}}],"slug":"fruit-flip-flop"}
{"_id":{"$oid":"5f7daa138ec9dfb536781b09"},"name":"Alfie Cocktail","instructions":["Combine and shake all ingredients with ice, strain into a cocktail glass, and serve."],"ingredients":[{"name":"Lemon vodka","quantity":{"quantity":"1 1/2","unit":"oz"}},{"name":"Triple sec","quantity":{"quantity":"1","unit":"dash"}},{"name":"Pineapple juice","quantity":{"quantity":"1","unit":"tblsp"}}],"slug":"alfie-cocktail"}
{"_id":{"$oid":"5f7daa158ec9dfb536781b0a"},"name":"Hunter's Moon","instructions":["Put the Bombay Sapphire, Martini Bianco, sugar syrup & blackberries in a cocktail shaker with lots of ice and shake vigorously before pouring into a balloon glass, topping up with lemonade and garnishing with a wedge of orange."],"ingredients":[{"name":"Vermouth","quantity":{"quantity":"25","unit":"ml"}},{"name":"Maraschino Cherry","quantity":{"quantity":"15","unit":"ml"}},{"name":"Sugar Syrup","quantity":{"quantity":"10","unit":"ml"}},{"name":"Lemonade","quantity":{"quantity":"100","unit":"ml"}},{"name":"Blackberries","quantity":{"quantity":"2","unit":null}}],"slug":"hunter-s-moon"}
{"_id":{"$oid":"5f7daa168ec9dfb536781b0b"},"name":"A midsummernight dream","instructions":["Mix the strawberrys in a blender Pour it together with the vodka,kirch and strawberry liquer over ice in a shaker","Shake well and pour in a highballglass","Fill up with the Russchian water"],"ingredients":[{"name":"Vodka","quantity":{"quantity":"2","unit":"oz"}},{"name":"Kirschwasser","quantity":{"quantity":"1","unit":"oz"}},{"name":"Strawberry liqueur","quantity":{"quantity":"1","unit":"tsp"}},{"name":"Strawberries","quantity":{"quantity":"5","unit":null}},{"name":"Schweppes Russchian"}],"slug":"a-midsummernight-dream"}
{"_id":{"$oid":"5f7daa178ec9dfb536781b0c"},"name":"Quaker's Cocktail","instructions":["Shake all ingredients with ice, strain into a cocktail glass, and serve."],"ingredients":[{"name":"Light rum","quantity":{"quantity":"3/4","unit":"oz"}},{"name":"Brandy","quantity":{"quantity":"3/4","unit":"oz"}},{"name":"Lemon","quantity":{"quantity":"1/4","unit":null}},{"name":"Raspberry syrup","quantity":{"quantity":"2","unit":"tsp"}}],"slug":"quaker-s-cocktail"}
{"_id":{"$oid":"5f7daa198ec9dfb536781b0d"},"name":"Monkey Wrench","instructions":["Pour all of the ingredients into an old-fashioned glass almost filled with ice cubes","Stir well."],"ingredients":[{"name":"Light rum","quantity":{"quantity":"1 1/2","unit":"oz"}},{"name":"Grapefruit juice","quantity":{"quantity":"3","unit":"oz"}},{"name":"Bitters","quantity":{"quantity":"1","unit":"dash"}}],"slug":"monkey-wrench"}
{"_id":{"$oid":"5f7daa1a8ec9dfb536781b0e"},"name":"Bruised Heart","instructions":["Pour all ingredients in a mixing tin over ice, stir, and strain into shot glass"],"ingredients":[{"name":"Vodka","quantity":{"quantity":"1/2","unit":"oz"}},{"name":"Chambord raspberry liqueur","quantity":{"quantity":"1/2","unit":"oz"}},{"name":"Peachtree schnapps","quantity":{"quantity":"1/2","unit":"oz"}},{"name":"Cranberry juice","quantity":{"quantity":"1/2","unit":"oz"}}],"slug":"bruised-heart"}
{"_id":{"$oid":"5f7daa1b8ec9dfb536781b0f"},"name":"Sweet Tooth","instructions":["Put 2 shots Godiva Liquour into a glass, add as much or as little milk as you would like."],"ingredients":[{"name":"Godiva liqueur","quantity":{"quantity":"2","unit":"shots"}},{"name":"Milk"}],"slug":"sweet-tooth"}
{"_id":{"$oid":"5f7daa1c8ec9dfb536781b10"},"name":"Oatmeal Cookie","instructions":["Just mix it all together.\r\nIt's meant to be a shot, but it works just fine as a proper adult-sized drink over lots of ice.\r\n\r\nTastes like an oatmeal cookie."],"ingredients":[{"name":"Kahlua","quantity":{"quantity":"2","unit":"parts"}},{"name":"Bailey","quantity":{"quantity":"2","unit":"parts"}},{"name":"Butterscotch schnapps","quantity":{"quantity":"4","unit":"parts"}},{"name":"Jagermeister","quantity":{"quantity":"1","unit":"part"}},{"name":"Goldschlager","quantity":{"quantity":"1/2","unit":"part"}}],"slug":"oatmeal-cookie"}
{"_id":{"$oid":"5f7daa1e8ec9dfb536781b11"},"name":"B-52","instructions":["Layer ingredients into a shot glass","Serve with a stirrer."],"ingredients":[{"name":"Baileys irish cream","quantity":{"quantity":"1/3","unit":null}},{"name":"Grand Marnier","quantity":{"quantity":"1/3","unit":null}},{"name":"Kahlua","quantity":{"quantity":"1/4","unit":null}}],"slug":"b-52"}
{"_id":{"$oid":"5f7daa1f8ec9dfb536781b12"},"name":"Long Island Tea","instructions":["Combine all ingredients (except cola) and pour over ice in a highball glass","Add the splash of cola for color","Decorate with a slice of lemon and serve."],"ingredients":[{"name":"Vodka","quantity":{"quantity":"1/2","unit":"oz"}},{"name":"Light rum","quantity":{"quantity":"1/2","unit":"oz"}},{"name":"Gin","quantity":{"quantity":"1/2","unit":"oz"}},{"name":"Tequila","quantity":{"quantity":"1/2","unit":"oz"}},{"name":"Lemon","quantity":{"quantity":"1/2","unit":null}},{"name":"Coca-Cola","quantity":{"quantity":"1","unit":"splash"}}],"slug":"long-island-tea"}
{"_id":{"$oid":"5f7daa208ec9dfb536781b13"},"name":"Lord And Lady","instructions":["Pour the rum and Tia Maria into an old-fashioned glass almost filled with ice cubes","Stir well."],"ingredients":[{"name":"Dark rum","quantity":{"quantity":"1 1/2","unit":"oz"}},{"name":"Tia maria","quantity":{"quantity":"1/2","unit":"oz"}}],"slug":"lord-and-lady"}
{"_id":{"$oid":"5f7daa218ec9dfb536781b14"},"name":"Dragonfly","instructions":["In a highball glass almost filled with ice cubes, combine the gin and ginger ale","Stir well","Garnish with the lime wedge."],"ingredients":[{"name":"Gin","quantity":{"quantity":"1 1/2","unit":"oz"}},{"name":"Ginger ale","quantity":{"quantity":"4","unit":"oz"}},{"name":"Lime","quantity":{"quantity":"1","unit":null}}],"slug":"dragonfly"}
{"_id":{"$oid":"5f7daa228ec9dfb536781b15"},"name":"Applecar","instructions":["Shake all ingredients with ice, strain into a cocktail glass, and serve."],"ingredients":[{"name":"Applejack","quantity":{"quantity":"1","unit":"oz"}},{"name":"Triple sec","quantity":{"quantity":"1","unit":"oz"}},{"name":"Lemon juice","quantity":{"quantity":"1","unit":"oz"}}],"slug":"applecar"}
{"_id":{"$oid":"5f7daa238ec9dfb536781b16"},"name":"Cuba Libre","instructions":["Build all ingredients in a Collins glass filled with ice","Garnish with lime wedge."],"ingredients":[{"name":"Light rum","quantity":{"quantity":"2","unit":"oz"}},{"name":"Lime","quantity":{"quantity":"1/2","unit":null}},{"name":"Coca-Cola"}],"slug":"cuba-libre"}
{"_id":{"$oid":"5f7daa258ec9dfb536781b17"},"name":"White Russian","instructions":["Pour vodka and coffee liqueur over ice cubes in an old-fashioned glass","Fill with light cream and serve."],"ingredients":[{"name":"Vodka","quantity":{"quantity":"2","unit":"oz"}},{"name":"Coffee liqueur","quantity":{"quantity":"1","unit":"oz"}},{"name":"Light cream"}],"slug":"white-russian"}
{"_id":{"$oid":"5f7daa268ec9dfb536781b18"},"name":"Vodka Fizz","instructions":["Blend all ingredients, save nutmeg","Pour into large white wine glass and sprinkle nutmeg on top."],"ingredients":[{"name":"Vodka","quantity":{"quantity":"2","unit":"oz"}},{"name":"Half-and-half","quantity":{"quantity":"2","unit":"oz"}},{"name":"Limeade","quantity":{"quantity":"2","unit":"oz"}},{"name":"Ice"},{"name":"Nutmeg"}],"slug":"vodka-fizz"}
{"_id":{"$oid":"5f7daa288ec9dfb536781b19"},"name":"Between The Sheets","instructions":["Pour all ingredients into shaker with ice cubes, shake, strain into chilled cocktail glass."],"ingredients":[{"name":"Brandy","quantity":{"quantity":"1","unit":"oz"}},{"name":"Light rum","quantity":{"quantity":"1","unit":"oz"}},{"name":"Triple sec","quantity":{"quantity":"1","unit":"oz"}},{"name":"Lemon juice","quantity":{"quantity":"1","unit":"oz"}}],"slug":"between-the-sheets"}
{"_id":{"$oid":"5f7daa298ec9dfb536781b1a"},"name":"Boston Sidecar","instructions":["Shake all ingredients with ice, strain into a cocktail glass, and serve."],"ingredients":[{"name":"Light rum","quantity":{"quantity":"3/4","unit":"oz"}},{"name":"Brandy","quantity":{"quantity":"3/4","unit":"oz"}},{"name":"Triple sec","quantity":{"quantity":"3/4","unit":"oz"}},{"name":"Lime","quantity":{"quantity":"1/2","unit":null}}],"slug":"boston-sidecar"}
{"_id":{"$oid":"5f7daa2a8ec9dfb536781b1b"},"name":"Amaretto Sweet & Sour","instructions":["Fill the blender with 3/4 ice","Add sweet & sour mix to the top of the ice","Add about 1\" of pineapple juice, 1/2\" of melon liqeur, and 1/2 to 1/4\" of amaretto","Then blend the mix until it is of margaritta consistency or thinner."],"ingredients":[{"name":"Amaretto"},{"name":"Sweet and sour"},{"name":"Midori melon liqueur"},{"name":"Pineapple juice"}],"slug":"amaretto-sweet-sour"}
{"_id":{"$oid":"5f7daa2b8ec9dfb536781b1c"},"name":"Apple Slammer","instructions":["pour into a shot glass and present to consumer, they are expected to cover the top of the shotglass with thier palm, raise the glass, slam it on the bar and the swallow quickly."],"ingredients":[{"name":"7-Up","quantity":{"quantity":"1","unit":"part"}},{"name":"Apple schnapps","quantity":{"quantity":"1","unit":"part"}}],"slug":"apple-slammer"}
{"_id":{"$oid":"5f7daa2c8ec9dfb536781b1d"},"name":"Pink Gin","instructions":["Pour the bitters into a wine glass","Swirl the glass to coat the inside with the bitters, shake out the excess","Pour the gin into the glass","Do not add ice."],"ingredients":[{"name":"Bitters","quantity":{"quantity":"3","unit":"dashes"}},{"name":"Gin","quantity":{"quantity":"2","unit":"oz"}}],"slug":"pink-gin"}
{"_id":{"$oid":"5f7daa2e8ec9dfb536781b1e"},"name":"Mississippi Planters Punch","instructions":["Shake all ingredients (except carbonated water) with ice and strain into a collins glass over ice cubes","Fill with carbonated water, stir, and serve."],"ingredients":[{"name":"Brandy","quantity":{"quantity":"1","unit":"oz"}},{"name":"Light rum","quantity":{"quantity":"1/2","unit":"oz"}},{"name":"Bourbon","quantity":{"quantity":"1/2","unit":"oz"}},{"name":"Lemon","quantity":{"quantity":"1/2","unit":null}},{"name":"Powdered sugar","quantity":{"quantity":"1","unit":"tblsp"}},{"name":"Carbonated water"}],"slug":"mississippi-planters-punch"}
{"_id":{"$oid":"5f7daa2f8ec9dfb536781b1f"},"name":"Strawberry Daiquiri","instructions":["Pour all ingredients into shaker with ice cubes","Shake well","Strain in chilled cocktail glass."],"ingredients":[{"name":"Strawberry schnapps","quantity":{"quantity":"1/2","unit":"oz"}},{"name":"Light rum","quantity":{"quantity":"1","unit":"oz"}},{"name":"Lime juice","quantity":{"quantity":"1","unit":"oz"}},{"name":"Powdered sugar","quantity":{"quantity":"1","unit":"tsp"}},{"name":"Strawberries","quantity":{"quantity":"1","unit":"oz"}}],"slug":"strawberry-daiquiri"}
{"_id":{"$oid":"5f7daa308ec9dfb536781b20"},"name":"English Highball","instructions":["Pour brandy, gin, and sweet vermouth into a highball glass over ice cubes","Fill with carbonated water","Add the twist of lemon peel, stir, and serve","(Ginger ale may be substituted for carbonated water, if preferred.)"],"ingredients":[{"name":"Brandy","quantity":{"quantity":"3/4","unit":"oz"}},{"name":"Gin","quantity":{"quantity":"3/4","unit":"oz"}},{"name":"Sweet Vermouth","quantity":{"quantity":"3/4","unit":"oz"}},{"name":"Carbonated water"},{"name":"Lemon peel"}],"slug":"english-highball"}
{"_id":{"$oid":"5f7daa328ec9dfb536781b21"},"name":"Black and Brown","instructions":["CAREFULLY to avoid explosive head formation: Pour Beer glass half full of favorite rootbeer and top off with Guinness."],"ingredients":[{"name":"Guinness stout","quantity":{"quantity":"1/2","unit":null}},{"name":"Root beer","quantity":{"quantity":"1/2","unit":null}}],"slug":"black-and-brown"}
{"_id":{"$oid":"5f7daa338ec9dfb536781b22"},"name":"After Dinner Cocktail","instructions":["Shake all ingredients (except lime wedge) with ice and strain into a cocktail glass","Add the wedge of lime and serve."],"ingredients":[{"name":"Apricot brandy","quantity":{"quantity":"1","unit":"oz"}},{"name":"Triple sec","quantity":{"quantity":"1","unit":"oz"}},{"name":"Lime","quantity":{"quantity":"1","unit":null}},{"name":"Lime","quantity":{"quantity":"1","unit":null}}],"slug":"after-dinner-cocktail"}
{"_id":{"$oid":"5f7daa358ec9dfb536781b23"},"name":"Sidecar Cocktail","instructions":["Shake all ingredients with ice, strain into a cocktail glass, and serve."],"ingredients":[{"name":"Brandy","quantity":{"quantity":"1","unit":"oz"}},{"name":"Triple sec","quantity":{"quantity":"1/2","unit":"oz"}},{"name":"Lemon","quantity":{"quantity":"1/4","unit":null}}],"slug":"sidecar-cocktail"}
{"_id":{"$oid":"5f7daa378ec9dfb536781b24"},"name":"Addison","instructions":["Shake together all the ingredients and strain into a cold glass."],"ingredients":[{"name":"Gin","quantity":{"quantity":"1 1/2","unit":"shot"}},{"name":"Vermouth","quantity":{"quantity":"1 1/2","unit":"shot"}}],"slug":"addison"}
{"_id":{"$oid":"5f7f81ac0014b0ca00679317"},"name":"Dodgy Cocktail","ingredients":[{"name":"Water","quantity":{"unit":"ml","amount":30}}],"instructions":["Pour yourself some water from the tap."],"slug":"dodgy-cocktail"}
{"_id":{"$oid":"608b92ba0059661100daf517"},"slug":"whiskey-new-fashioned","name":"Whiskey New-Fashioned","ingredients":[{"name":"New Whiskey","quantity":null},{"name":"Sugar Syrup","quantity":null},{"name":"Angostura Bitters","quantity":null}],"instructions":["Stir the ingredients over ice.","Express the orange peel over the drink."],"date_added":"2021-04-30T05:16:42.827178400Z","date_updated":"2021-04-30T05:16:46.509448100Z"}